id_tabel,kategori,uraian,satuan,tahun,nilai
B.1.12.01,Moda Perkeretaapian,Kecelakaan,Kejadian,2005,11
B.1.12.01,Moda Perkeretaapian,Korban Luka-luka,Orang,2005,0
B.1.12.01,Moda Perkeretaapian,Korban Meninggal,Orang,2005,0
B.1.12.01,Moda Perkeretaapian,Jumlah Laporan Final,Dokumen,2005,0
B.1.12.01,Moda Perkeretaapian,Rekomendasi Keselamatan,Rekomendasi,2005,0
B.1.12.01,Moda Pelayaran,Kecelakaan,Kejadian,2005,6
B.1.12.01,Moda Pelayaran,Korban Luka-luka,Orang,2005,0
B.1.12.01,Moda Pelayaran,Korban Meninggal,Orang,2005,0
B.1.12.01,Moda Pelayaran,Jumlah Laporan Final,Dokumen,2005,0
B.1.12.01,Moda Pelayaran,Rekomendasi Keselamatan,Rekomendasi,2005,0
B.1.12.01,Moda Penerbangan,Kecelakaan,Kejadian,2005,23
B.1.12.01,Moda Penerbangan,Korban Luka-luka,Orang,2005,0
B.1.12.01,Moda Penerbangan,Korban Meninggal,Orang,2005,0
B.1.12.01,Moda Penerbangan,Jumlah Laporan Final,Dokumen,2005,0
B.1.12.01,Moda Penerbangan,Rekomendasi Keselamatan,Rekomendasi,2005,0
B.1.12.01,Moda LLAJ,Kecelakaan,Kejadian,2005,0
B.1.12.01,Moda LLAJ,Korban Luka-luka,Orang,2005,0
B.1.12.01,Moda LLAJ,Korban Meninggal,Orang,2005,0
B.1.12.01,Moda LLAJ,Jumlah Laporan Final,Dokumen,2005,0
B.1.12.01,Moda LLAJ,Rekomendasi Keselamatan,Rekomendasi,2005,0
B.1.12.01,Moda Perkeretaapian,Kecelakaan,Kejadian,2006,14
B.1.12.01,Moda Perkeretaapian,Korban Luka-luka,Orang,2006,0
B.1.12.01,Moda Perkeretaapian,Korban Meninggal,Orang,2006,0
B.1.12.01,Moda Perkeretaapian,Jumlah Laporan Final,Dokumen,2006,0
B.1.12.01,Moda Perkeretaapian,Rekomendasi Keselamatan,Rekomendasi,2006,0
B.1.12.01,Moda Pelayaran,Kecelakaan,Kejadian,2006,13
B.1.12.01,Moda Pelayaran,Korban Luka-luka,Orang,2006,0
B.1.12.01,Moda Pelayaran,Korban Meninggal,Orang,2006,0
B.1.12.01,Moda Pelayaran,Jumlah Laporan Final,Dokumen,2006,0
B.1.12.01,Moda Pelayaran,Rekomendasi Keselamatan,Rekomendasi,2006,0
B.1.12.01,Moda Penerbangan,Kecelakaan,Kejadian,2006,21
B.1.12.01,Moda Penerbangan,Korban Luka-luka,Orang,2006,0
B.1.12.01,Moda Penerbangan,Korban Meninggal,Orang,2006,0
B.1.12.01,Moda Penerbangan,Jumlah Laporan Final,Dokumen,2006,0
B.1.12.01,Moda Penerbangan,Rekomendasi Keselamatan,Rekomendasi,2006,0
B.1.12.01,Moda LLAJ,Kecelakaan,Kejadian,2006,8
B.1.12.01,Moda LLAJ,Korban Luka-luka,Orang,2006,0
B.1.12.01,Moda LLAJ,Korban Meninggal,Orang,2006,0
B.1.12.01,Moda LLAJ,Jumlah Laporan Final,Dokumen,2006,0
B.1.12.01,Moda LLAJ,Rekomendasi Keselamatan,Rekomendasi,2006,0
B.1.12.01,Moda Perkeretaapian,Kecelakaan,Kejadian,2007,14
B.1.12.01,Moda Perkeretaapian,Korban Luka-luka,Orang,2007,0
B.1.12.01,Moda Perkeretaapian,Korban Meninggal,Orang,2007,0
B.1.12.01,Moda Perkeretaapian,Jumlah Laporan Final,Dokumen,2007,0
B.1.12.01,Moda Perkeretaapian,Rekomendasi Keselamatan,Rekomendasi,2007,0
B.1.12.01,Moda Pelayaran,Kecelakaan,Kejadian,2007,7
B.1.12.01,Moda Pelayaran,Korban Luka-luka,Orang,2007,0
B.1.12.01,Moda Pelayaran,Korban Meninggal,Orang,2007,0
B.1.12.01,Moda Pelayaran,Jumlah Laporan Final,Dokumen,2007,0
B.1.12.01,Moda Pelayaran,Rekomendasi Keselamatan,Rekomendasi,2007,0
B.1.12.01,Moda Penerbangan,Kecelakaan,Kejadian,2007,21
B.1.12.01,Moda Penerbangan,Korban Luka-luka,Orang,2007,0
B.1.12.01,Moda Penerbangan,Korban Meninggal,Orang,2007,0
B.1.12.01,Moda Penerbangan,Jumlah Laporan Final,Dokumen,2007,0
B.1.12.01,Moda Penerbangan,Rekomendasi Keselamatan,Rekomendasi,2007,0
B.1.12.01,Moda LLAJ,Kecelakaan,Kejadian,2007,8
B.1.12.01,Moda LLAJ,Korban Luka-luka,Orang,2007,0
B.1.12.01,Moda LLAJ,Korban Meninggal,Orang,2007,0
B.1.12.01,Moda LLAJ,Jumlah Laporan Final,Dokumen,2007,0
B.1.12.01,Moda LLAJ,Rekomendasi Keselamatan,Rekomendasi,2007,0
B.1.12.01,Moda Perkeretaapian,Kecelakaan,Kejadian,2008,8
B.1.12.01,Moda Perkeretaapian,Korban Luka-luka,Orang,2008,0
B.1.12.01,Moda Perkeretaapian,Korban Meninggal,Orang,2008,0
B.1.12.01,Moda Perkeretaapian,Jumlah Laporan Final,Dokumen,2008,0
B.1.12.01,Moda Perkeretaapian,Rekomendasi Keselamatan,Rekomendasi,2008,0
B.1.12.01,Moda Pelayaran,Kecelakaan,Kejadian,2008,5
B.1.12.01,Moda Pelayaran,Korban Luka-luka,Orang,2008,0
B.1.12.01,Moda Pelayaran,Korban Meninggal,Orang,2008,0
B.1.12.01,Moda Pelayaran,Jumlah Laporan Final,Dokumen,2008,0
B.1.12.01,Moda Pelayaran,Rekomendasi Keselamatan,Rekomendasi,2008,0
B.1.12.01,Moda Penerbangan,Kecelakaan,Kejadian,2008,21
B.1.12.01,Moda Penerbangan,Korban Luka-luka,Orang,2008,0
B.1.12.01,Moda Penerbangan,Korban Meninggal,Orang,2008,0
B.1.12.01,Moda Penerbangan,Jumlah Laporan Final,Dokumen,2008,0
B.1.12.01,Moda Penerbangan,Rekomendasi Keselamatan,Rekomendasi,2008,0
B.1.12.01,Moda LLAJ,Kecelakaan,Kejadian,2008,6
B.1.12.01,Moda LLAJ,Korban Luka-luka,Orang,2008,0
B.1.12.01,Moda LLAJ,Korban Meninggal,Orang,2008,0
B.1.12.01,Moda LLAJ,Jumlah Laporan Final,Dokumen,2008,0
B.1.12.01,Moda LLAJ,Rekomendasi Keselamatan,Rekomendasi,2008,0
B.1.12.01,Moda Perkeretaapian,Kecelakaan,Kejadian,2009,8
B.1.12.01,Moda Perkeretaapian,Korban Luka-luka,Orang,2009,0
B.1.12.01,Moda Perkeretaapian,Korban Meninggal,Orang,2009,0
B.1.12.01,Moda Perkeretaapian,Jumlah Laporan Final,Dokumen,2009,48188833
B.1.12.01,Moda Perkeretaapian,Rekomendasi Keselamatan,Rekomendasi,2009,0
B.1.12.01,Moda Pelayaran,Kecelakaan,Kejadian,2009,4
B.1.12.01,Moda Pelayaran,Korban Luka-luka,Orang,2009,0
B.1.12.01,Moda Pelayaran,Korban Meninggal,Orang,2009,0
B.1.12.01,Moda Pelayaran,Jumlah Laporan Final,Dokumen,2009,274929
B.1.12.01,Moda Pelayaran,Rekomendasi Keselamatan,Rekomendasi,2009,0
B.1.12.01,Moda Penerbangan,Kecelakaan,Kejadian,2009,13
B.1.12.01,Moda Penerbangan,Korban Luka-luka,Orang,2009,0
B.1.12.01,Moda Penerbangan,Korban Meninggal,Orang,2009,0
B.1.12.01,Moda Penerbangan,Jumlah Laporan Final,Dokumen,2009,753425
B.1.12.01,Moda Penerbangan,Rekomendasi Keselamatan,Rekomendasi,2009,0
B.1.12.01,Moda LLAJ,Kecelakaan,Kejadian,2009,9
B.1.12.01,Moda LLAJ,Korban Luka-luka,Orang,2009,0
B.1.12.01,Moda LLAJ,Korban Meninggal,Orang,2009,0
B.1.12.01,Moda LLAJ,Jumlah Laporan Final,Dokumen,2009,0
B.1.12.01,Moda LLAJ,Rekomendasi Keselamatan,Rekomendasi,2009,0
B.1.12.01,Moda Perkeretaapian,Kecelakaan,Kejadian,2010,10
B.1.12.01,Moda Perkeretaapian,Korban Luka-luka,Orang,2010,0
B.1.12.01,Moda Perkeretaapian,Korban Meninggal,Orang,2010,0
B.1.12.01,Moda Perkeretaapian,Jumlah Laporan Final,Dokumen,2010,48722833
B.1.12.01,Moda Perkeretaapian,Rekomendasi Keselamatan,Rekomendasi,2010,0
B.1.12.01,Moda Pelayaran,Kecelakaan,Kejadian,2010,5
B.1.12.01,Moda Pelayaran,Korban Luka-luka,Orang,2010,0
B.1.12.01,Moda Pelayaran,Korban Meninggal,Orang,2010,0
B.1.12.01,Moda Pelayaran,Jumlah Laporan Final,Dokumen,2010,302421
B.1.12.01,Moda Pelayaran,Rekomendasi Keselamatan,Rekomendasi,2010,0
B.1.12.01,Moda Penerbangan,Kecelakaan,Kejadian,2010,8
B.1.12.01,Moda Penerbangan,Korban Luka-luka,Orang,2010,0
B.1.12.01,Moda Penerbangan,Korban Meninggal,Orang,2010,0
B.1.12.01,Moda Penerbangan,Jumlah Laporan Final,Dokumen,2010,671204
B.1.12.01,Moda Penerbangan,Rekomendasi Keselamatan,Rekomendasi,2010,0
B.1.12.01,Moda LLAJ,Kecelakaan,Kejadian,2010,3
B.1.12.01,Moda LLAJ,Korban Luka-luka,Orang,2010,0
B.1.12.01,Moda LLAJ,Korban Meninggal,Orang,2010,0
B.1.12.01,Moda LLAJ,Jumlah Laporan Final,Dokumen,2010,0
B.1.12.01,Moda LLAJ,Rekomendasi Keselamatan,Rekomendasi,2010,0
B.1.12.01,Moda Perkeretaapian,Kecelakaan,Kejadian,2011,1
B.1.12.01,Moda Perkeretaapian,Korban Luka-luka,Orang,2011,35
B.1.12.01,Moda Perkeretaapian,Korban Meninggal,Orang,2011,5
B.1.12.01,Moda Perkeretaapian,Jumlah Laporan Final,Dokumen,2011,50140079
B.1.12.01,Moda Perkeretaapian,Rekomendasi Keselamatan,Rekomendasi,2011,0
B.1.12.01,Moda Pelayaran,Kecelakaan,Kejadian,2011,6
B.1.12.01,Moda Pelayaran,Korban Luka-luka,Orang,2011,346
B.1.12.01,Moda Pelayaran,Korban Meninggal,Orang,2011,86
B.1.12.01,Moda Pelayaran,Jumlah Laporan Final,Dokumen,2011,316526
B.1.12.01,Moda Pelayaran,Rekomendasi Keselamatan,Rekomendasi,2011,0
B.1.12.01,Moda Penerbangan,Kecelakaan,Kejadian,2011,19
B.1.12.01,Moda Penerbangan,Korban Luka-luka,Orang,2011,8
B.1.12.01,Moda Penerbangan,Korban Meninggal,Orang,2011,71
B.1.12.01,Moda Penerbangan,Jumlah Laporan Final,Dokumen,2011,758318
B.1.12.01,Moda Penerbangan,Rekomendasi Keselamatan,Rekomendasi,2011,3
B.1.12.01,Moda LLAJ,Kecelakaan,Kejadian,2011,7
B.1.12.01,Moda LLAJ,Korban Luka-luka,Orang,2011,8
B.1.12.01,Moda LLAJ,Korban Meninggal,Orang,2011,71
B.1.12.01,Moda LLAJ,Jumlah Laporan Final,Dokumen,2011,0
B.1.12.01,Moda LLAJ,Rekomendasi Keselamatan,Rekomendasi,2011,0
B.1.12.01,Moda Perkeretaapian,Kecelakaan,Kejadian,2012,3
B.1.12.01,Moda Perkeretaapian,Korban Luka-luka,Orang,2012,42
B.1.12.01,Moda Perkeretaapian,Korban Meninggal,Orang,2012,4
B.1.12.01,Moda Perkeretaapian,Jumlah Laporan Final,Dokumen,2012,4
B.1.12.01,Moda Perkeretaapian,Rekomendasi Keselamatan,Rekomendasi,2012,31
B.1.12.01,Moda Pelayaran,Kecelakaan,Kejadian,2012,4
B.1.12.01,Moda Pelayaran,Korban Luka-luka,Orang,2012,10
B.1.12.01,Moda Pelayaran,Korban Meninggal,Orang,2012,13
B.1.12.01,Moda Pelayaran,Jumlah Laporan Final,Dokumen,2012,4
B.1.12.01,Moda Pelayaran,Rekomendasi Keselamatan,Rekomendasi,2012,28
B.1.12.01,Moda Penerbangan,Kecelakaan,Kejadian,2012,13
B.1.12.01,Moda Penerbangan,Korban Luka-luka,Orang,2012,9
B.1.12.01,Moda Penerbangan,Korban Meninggal,Orang,2012,58
B.1.12.01,Moda Penerbangan,Jumlah Laporan Final,Dokumen,2012,8
B.1.12.01,Moda Penerbangan,Rekomendasi Keselamatan,Rekomendasi,2012,62
B.1.12.01,Moda LLAJ,Kecelakaan,Kejadian,2012,8
B.1.12.01,Moda LLAJ,Korban Luka-luka,Orang,2012,141
B.1.12.01,Moda LLAJ,Korban Meninggal,Orang,2012,84
B.1.12.01,Moda LLAJ,Jumlah Laporan Final,Dokumen,2012,8
B.1.12.01,Moda LLAJ,Rekomendasi Keselamatan,Rekomendasi,2012,79
B.1.12.01,Moda Perkeretaapian,Kecelakaan,Kejadian,2013,2
B.1.12.01,Moda Perkeretaapian,Korban Luka-luka,Orang,2013,0
B.1.12.01,Moda Perkeretaapian,Korban Meninggal,Orang,2013,0
B.1.12.01,Moda Perkeretaapian,Jumlah Laporan Final,Dokumen,2013,2
B.1.12.01,Moda Perkeretaapian,Rekomendasi Keselamatan,Rekomendasi,2013,14
B.1.12.01,Moda Pelayaran,Kecelakaan,Kejadian,2013,6
B.1.12.01,Moda Pelayaran,Korban Luka-luka,Orang,2013,9
B.1.12.01,Moda Pelayaran,Korban Meninggal,Orang,2013,65
B.1.12.01,Moda Pelayaran,Jumlah Laporan Final,Dokumen,2013,6
B.1.12.01,Moda Pelayaran,Rekomendasi Keselamatan,Rekomendasi,2013,47
B.1.12.01,Moda Penerbangan,Kecelakaan,Kejadian,2013,34
B.1.12.01,Moda Penerbangan,Korban Luka-luka,Orang,2013,8
B.1.12.01,Moda Penerbangan,Korban Meninggal,Orang,2013,2
B.1.12.01,Moda Penerbangan,Jumlah Laporan Final,Dokumen,2013,19
B.1.12.01,Moda Penerbangan,Rekomendasi Keselamatan,Rekomendasi,2013,81
B.1.12.01,Moda LLAJ,Kecelakaan,Kejadian,2013,8
B.1.12.01,Moda LLAJ,Korban Luka-luka,Orang,2013,228
B.1.12.01,Moda LLAJ,Korban Meninggal,Orang,2013,109
B.1.12.01,Moda LLAJ,Jumlah Laporan Final,Dokumen,2013,8
B.1.12.01,Moda LLAJ,Rekomendasi Keselamatan,Rekomendasi,2013,99
B.1.12.01,Moda Perkeretaapian,Kecelakaan,Kejadian,2014,6
B.1.12.01,Moda Perkeretaapian,Korban Luka-luka,Orang,2014,10
B.1.12.01,Moda Perkeretaapian,Korban Meninggal,Orang,2014,3
B.1.12.01,Moda Perkeretaapian,Jumlah Laporan Final,Dokumen,2014,6
B.1.12.01,Moda Perkeretaapian,Rekomendasi Keselamatan,Rekomendasi,2014,26
B.1.12.01,Moda Pelayaran,Kecelakaan,Kejadian,2014,7
B.1.12.01,Moda Pelayaran,Korban Luka-luka,Orang,2014,3
B.1.12.01,Moda Pelayaran,Korban Meninggal,Orang,2014,14
B.1.12.01,Moda Pelayaran,Jumlah Laporan Final,Dokumen,2014,7
B.1.12.01,Moda Pelayaran,Rekomendasi Keselamatan,Rekomendasi,2014,41
B.1.12.01,Moda Penerbangan,Kecelakaan,Kejadian,2014,30
B.1.12.01,Moda Penerbangan,Korban Luka-luka,Orang,2014,11
B.1.12.01,Moda Penerbangan,Korban Meninggal,Orang,2014,174
B.1.12.01,Moda Penerbangan,Jumlah Laporan Final,Dokumen,2014,12
B.1.12.01,Moda Penerbangan,Rekomendasi Keselamatan,Rekomendasi,2014,54
B.1.12.01,Moda LLAJ,Kecelakaan,Kejadian,2014,5
B.1.12.01,Moda LLAJ,Korban Luka-luka,Orang,2014,88
B.1.12.01,Moda LLAJ,Korban Meninggal,Orang,2014,19
B.1.12.01,Moda LLAJ,Jumlah Laporan Final,Dokumen,2014,4
B.1.12.01,Moda LLAJ,Rekomendasi Keselamatan,Rekomendasi,2014,42
B.1.12.01,Moda Perkeretaapian,Kecelakaan,Kejadian,2015,7
B.1.12.01,Moda Perkeretaapian,Korban Luka-luka,Orang,2015,50
B.1.12.01,Moda Perkeretaapian,Korban Meninggal,Orang,2015,0
B.1.12.01,Moda Perkeretaapian,Jumlah Laporan Final,Dokumen,2015,1
B.1.12.01,Moda Perkeretaapian,Rekomendasi Keselamatan,Rekomendasi,2015,17
B.1.12.01,Moda Pelayaran,Kecelakaan,Kejadian,2015,11
B.1.12.01,Moda Pelayaran,Korban Luka-luka,Orang,2015,2
B.1.12.01,Moda Pelayaran,Korban Meninggal,Orang,2015,73
B.1.12.01,Moda Pelayaran,Jumlah Laporan Final,Dokumen,2015,3
B.1.12.01,Moda Pelayaran,Rekomendasi Keselamatan,Rekomendasi,2015,23
B.1.12.01,Moda Penerbangan,Kecelakaan,Kejadian,2015,28
B.1.12.01,Moda Penerbangan,Korban Luka-luka,Orang,2015,10
B.1.12.01,Moda Penerbangan,Korban Meninggal,Orang,2015,65
B.1.12.01,Moda Penerbangan,Jumlah Laporan Final,Dokumen,2015,7
B.1.12.01,Moda Penerbangan,Rekomendasi Keselamatan,Rekomendasi,2015,33
B.1.12.01,Moda LLAJ,Kecelakaan,Kejadian,2015,5
B.1.12.01,Moda LLAJ,Korban Luka-luka,Orang,2015,141
B.1.12.01,Moda LLAJ,Korban Meninggal,Orang,2015,69
B.1.12.01,Moda LLAJ,Jumlah Laporan Final,Dokumen,2015,5
B.1.12.01,Moda LLAJ,Rekomendasi Keselamatan,Rekomendasi,2015,42
B.1.12.01,Moda Perkeretaapian,Kecelakaan,Kejadian,2016,6
B.1.12.01,Moda Perkeretaapian,Korban Luka-luka,Orang,2016,0
B.1.12.01,Moda Perkeretaapian,Korban Meninggal,Orang,2016,1
B.1.12.01,Moda Perkeretaapian,Jumlah Laporan Final,Dokumen,2016,3
B.1.12.01,Moda Perkeretaapian,Rekomendasi Keselamatan,Rekomendasi,2016,11
B.1.12.01,Moda Pelayaran,Kecelakaan,Kejadian,2016,18
B.1.12.01,Moda Pelayaran,Korban Luka-luka,Orang,2016,0
B.1.12.01,Moda Pelayaran,Korban Meninggal,Orang,2016,63
B.1.12.01,Moda Pelayaran,Jumlah Laporan Final,Dokumen,2016,2
B.1.12.01,Moda Pelayaran,Rekomendasi Keselamatan,Rekomendasi,2016,51
B.1.12.01,Moda Penerbangan,Kecelakaan,Kejadian,2016,45
B.1.12.01,Moda Penerbangan,Korban Luka-luka,Orang,2016,13
B.1.12.01,Moda Penerbangan,Korban Meninggal,Orang,2016,5
B.1.12.01,Moda Penerbangan,Jumlah Laporan Final,Dokumen,2016,18
B.1.12.01,Moda Penerbangan,Rekomendasi Keselamatan,Rekomendasi,2016,106
B.1.12.01,Moda LLAJ,Kecelakaan,Kejadian,2016,6
B.1.12.01,Moda LLAJ,Korban Luka-luka,Orang,2016,138
B.1.12.01,Moda LLAJ,Korban Meninggal,Orang,2016,57
B.1.12.01,Moda LLAJ,Jumlah Laporan Final,Dokumen,2016,5
B.1.12.01,Moda LLAJ,Rekomendasi Keselamatan,Rekomendasi,2016,74
B.1.12.01,Moda Perkeretaapian,Kecelakaan,Kejadian,2017,7
B.1.12.01,Moda Perkeretaapian,Korban Luka-luka,Orang,2017,0
B.1.12.01,Moda Perkeretaapian,Korban Meninggal,Orang,2017,1
B.1.12.01,Moda Perkeretaapian,Jumlah Laporan Final,Dokumen,2017,10
B.1.12.01,Moda Perkeretaapian,Rekomendasi Keselamatan,Rekomendasi,2017,69
B.1.12.01,Moda Pelayaran,Kecelakaan,Kejadian,2017,34
B.1.12.01,Moda Pelayaran,Korban Luka-luka,Orang,2017,3
B.1.12.01,Moda Pelayaran,Korban Meninggal,Orang,2017,52
B.1.12.01,Moda Pelayaran,Jumlah Laporan Final,Dokumen,2017,18
B.1.12.01,Moda Pelayaran,Rekomendasi Keselamatan,Rekomendasi,2017,130
B.1.12.01,Moda Penerbangan,Kecelakaan,Kejadian,2017,37
B.1.12.01,Moda Penerbangan,Korban Luka-luka,Orang,2017,21
B.1.12.01,Moda Penerbangan,Korban Meninggal,Orang,2017,6
B.1.12.01,Moda Penerbangan,Jumlah Laporan Final,Dokumen,2017,8
B.1.12.01,Moda Penerbangan,Rekomendasi Keselamatan,Rekomendasi,2017,72
B.1.12.01,Moda LLAJ,Kecelakaan,Kejadian,2017,15
B.1.12.01,Moda LLAJ,Korban Luka-luka,Orang,2017,139
B.1.12.01,Moda LLAJ,Korban Meninggal,Orang,2017,66
B.1.12.01,Moda LLAJ,Jumlah Laporan Final,Dokumen,2017,5
B.1.12.01,Moda LLAJ,Rekomendasi Keselamatan,Rekomendasi,2017,51
B.1.12.01,Moda Perkeretaapian,Kecelakaan,Kejadian,2018,11
B.1.12.01,Moda Perkeretaapian,Korban Luka-luka,Orang,2018,0
B.1.12.01,Moda Perkeretaapian,Korban Meninggal,Orang,2018,0
B.1.12.01,Moda Perkeretaapian,Jumlah Laporan Final,Dokumen,2018,6
B.1.12.01,Moda Perkeretaapian,Rekomendasi Keselamatan,Rekomendasi,2018,30
B.1.12.01,Moda Pelayaran,Kecelakaan,Kejadian,2018,39
B.1.12.01,Moda Pelayaran,Korban Luka-luka,Orang,2018,26
B.1.12.01,Moda Pelayaran,Korban Meninggal,Orang,2018,299
B.1.12.01,Moda Pelayaran,Jumlah Laporan Final,Dokumen,2018,38
B.1.12.01,Moda Pelayaran,Rekomendasi Keselamatan,Rekomendasi,2018,330
B.1.12.01,Moda Penerbangan,Kecelakaan,Kejadian,2018,46
B.1.12.01,Moda Penerbangan,Korban Luka-luka,Orang,2018,5
B.1.12.01,Moda Penerbangan,Korban Meninggal,Orang,2018,199
B.1.12.01,Moda Penerbangan,Jumlah Laporan Final,Dokumen,2018,12
B.1.12.01,Moda Penerbangan,Rekomendasi Keselamatan,Rekomendasi,2018,36
B.1.12.01,Moda LLAJ,Kecelakaan,Kejadian,2018,15
B.1.12.01,Moda LLAJ,Korban Luka-luka,Orang,2018,102
B.1.12.01,Moda LLAJ,Korban Meninggal,Orang,2018,103
B.1.12.01,Moda LLAJ,Jumlah Laporan Final,Dokumen,2018,15
B.1.12.01,Moda LLAJ,Rekomendasi Keselamatan,Rekomendasi,2018,190
B.1.12.01,Moda Perkeretaapian,Kecelakaan,Kejadian,2019,7
B.1.12.01,Moda Perkeretaapian,Korban Luka-luka,Orang,2019,17
B.1.12.01,Moda Perkeretaapian,Korban Meninggal,Orang,2019,0
B.1.12.01,Moda Perkeretaapian,Jumlah Laporan Final,Dokumen,2019,5
B.1.12.01,Moda Perkeretaapian,Rekomendasi Keselamatan,Rekomendasi,2019,32
B.1.12.01,Moda Pelayaran,Kecelakaan,Kejadian,2019,25
B.1.12.01,Moda Pelayaran,Korban Luka-luka,Orang,2019,10
B.1.12.01,Moda Pelayaran,Korban Meninggal,Orang,2019,92
B.1.12.01,Moda Pelayaran,Jumlah Laporan Final,Dokumen,2019,24
B.1.12.01,Moda Pelayaran,Rekomendasi Keselamatan,Rekomendasi,2019,167
B.1.12.01,Moda Penerbangan,Kecelakaan,Kejadian,2019,30
B.1.12.01,Moda Penerbangan,Korban Luka-luka,Orang,2019,6
B.1.12.01,Moda Penerbangan,Korban Meninggal,Orang,2019,5
B.1.12.01,Moda Penerbangan,Jumlah Laporan Final,Dokumen,2019,5
B.1.12.01,Moda Penerbangan,Rekomendasi Keselamatan,Rekomendasi,2019,39
B.1.12.01,Moda LLAJ,Kecelakaan,Kejadian,2019,20
B.1.12.01,Moda LLAJ,Korban Luka-luka,Orang,2019,179
B.1.12.01,Moda LLAJ,Korban Meninggal,Orang,2019,116
B.1.12.01,Moda LLAJ,Jumlah Laporan Final,Dokumen,2019,11
B.1.12.01,Moda LLAJ,Rekomendasi Keselamatan,Rekomendasi,2019,226
B.1.12.01,Moda Perkeretaapian,Kecelakaan,Kejadian,2020,2
B.1.12.01,Moda Perkeretaapian,Korban Luka-luka,Orang,2020,0
B.1.12.01,Moda Perkeretaapian,Korban Meninggal,Orang,2020,0
B.1.12.01,Moda Perkeretaapian,Jumlah Laporan Final,Dokumen,2020,5
B.1.12.01,Moda Perkeretaapian,Rekomendasi Keselamatan,Rekomendasi,2020,30
B.1.12.01,Moda Pelayaran,Kecelakaan,Kejadian,2020,11
B.1.12.01,Moda Pelayaran,Korban Luka-luka,Orang,2020,22
B.1.12.01,Moda Pelayaran,Korban Meninggal,Orang,2020,11
B.1.12.01,Moda Pelayaran,Jumlah Laporan Final,Dokumen,2020,10
B.1.12.01,Moda Pelayaran,Rekomendasi Keselamatan,Rekomendasi,2020,61
B.1.12.01,Moda Penerbangan,Kecelakaan,Kejadian,2020,25
B.1.12.01,Moda Penerbangan,Korban Luka-luka,Orang,2020,5
B.1.12.01,Moda Penerbangan,Korban Meninggal,Orang,2020,2
B.1.12.01,Moda Penerbangan,Jumlah Laporan Final,Dokumen,2020,7
B.1.12.01,Moda Penerbangan,Rekomendasi Keselamatan,Rekomendasi,2020,14
B.1.12.01,Moda LLAJ,Kecelakaan,Kejadian,2020,12
B.1.12.01,Moda LLAJ,Korban Luka-luka,Orang,2020,124
B.1.12.01,Moda LLAJ,Korban Meninggal,Orang,2020,47
B.1.12.01,Moda LLAJ,Jumlah Laporan Final,Dokumen,2020,10
B.1.12.01,Moda LLAJ,Rekomendasi Keselamatan,Rekomendasi,2020,111
B.1.12.01,Moda Perkeretaapian,Kecelakaan,Kejadian,2021,5
B.1.12.01,Moda Perkeretaapian,Korban Luka-luka,Orang,2021,3
B.1.12.01,Moda Perkeretaapian,Korban Meninggal,Orang,2021,0
B.1.12.01,Moda Perkeretaapian,Jumlah Laporan Final,Dokumen,2021,2
B.1.12.01,Moda Perkeretaapian,Rekomendasi Keselamatan,Rekomendasi,2021,19
B.1.12.01,Moda Pelayaran,Kecelakaan,Kejadian,2021,19
B.1.12.01,Moda Pelayaran,Korban Luka-luka,Orang,2021,27
B.1.12.01,Moda Pelayaran,Korban Meninggal,Orang,2021,92
B.1.12.01,Moda Pelayaran,Jumlah Laporan Final,Dokumen,2021,13
B.1.12.01,Moda Pelayaran,Rekomendasi Keselamatan,Rekomendasi,2021,103
B.1.12.01,Moda Penerbangan,Kecelakaan,Kejadian,2021,20
B.1.12.01,Moda Penerbangan,Korban Luka-luka,Orang,2021,0
B.1.12.01,Moda Penerbangan,Korban Meninggal,Orang,2021,66
B.1.12.01,Moda Penerbangan,Jumlah Laporan Final,Dokumen,2021,6
B.1.12.01,Moda Penerbangan,Rekomendasi Keselamatan,Rekomendasi,2021,33
B.1.12.01,Moda LLAJ,Kecelakaan,Kejadian,2021,18
B.1.12.01,Moda LLAJ,Korban Luka-luka,Orang,2021,140
B.1.12.01,Moda LLAJ,Korban Meninggal,Orang,2021,75
B.1.12.01,Moda LLAJ,Jumlah Laporan Final,Dokumen,2021,23
B.1.12.01,Moda LLAJ,Rekomendasi Keselamatan,Rekomendasi,2021,279
B.1.12.01,Moda Perkeretaapian,Kecelakaan,Kejadian,2022,4
B.1.12.01,Moda Perkeretaapian,Korban Luka-luka,Orang,2022,8
B.1.12.01,Moda Perkeretaapian,Korban Meninggal,Orang,2022,2
B.1.12.01,Moda Perkeretaapian,Jumlah Laporan Final,Dokumen,2022,4
B.1.12.01,Moda Perkeretaapian,Rekomendasi Keselamatan,Rekomendasi,2022,35
B.1.12.01,Moda Pelayaran,Kecelakaan,Kejadian,2022,13
B.1.12.01,Moda Pelayaran,Korban Luka-luka,Orang,2022,7
B.1.12.01,Moda Pelayaran,Korban Meninggal,Orang,2022,42
B.1.12.01,Moda Pelayaran,Jumlah Laporan Final,Dokumen,2022,11
B.1.12.01,Moda Pelayaran,Rekomendasi Keselamatan,Rekomendasi,2022,74
B.1.12.01,Moda Penerbangan,Kecelakaan,Kejadian,2022,20
B.1.12.01,Moda Penerbangan,Korban Luka-luka,Orang,2022,8
B.1.12.01,Moda Penerbangan,Korban Meninggal,Orang,2022,3
B.1.12.01,Moda Penerbangan,Jumlah Laporan Final,Dokumen,2022,7
B.1.12.01,Moda Penerbangan,Rekomendasi Keselamatan,Rekomendasi,2022,23
B.1.12.01,Moda LLAJ,Kecelakaan,Kejadian,2022,15
B.1.12.01,Moda LLAJ,Korban Luka-luka,Orang,2022,256
B.1.12.01,Moda LLAJ,Korban Meninggal,Orang,2022,101
B.1.12.01,Moda LLAJ,Jumlah Laporan Final,Dokumen,2022,14
B.1.12.01,Moda LLAJ,Rekomendasi Keselamatan,Rekomendasi,2022,157